{"errors":[],"warnings":[],"namedChunkGroups":{"app":{"chunks":[4,0],"assets":["webpack-runtime-8efdd9fb4769443b2025.js","webpack-runtime-8efdd9fb4769443b2025.js.map","app-336f2f56c1b2d2bdd10e.js","app-336f2f56c1b2d2bdd10e.js.map"],"children":{},"childAssets":{}},"component---src-pages-index-js":{"chunks":[3,5,1],"assets":["styles.09655e31fecaeebcaef7.css","styles-80dd51c5b26671e0cdc0.js","styles-80dd51c5b26671e0cdc0.js.map","5-cf9a7dbed6e0eb7a9a28.js","5-cf9a7dbed6e0eb7a9a28.js.map","component---src-pages-index-js-4675ecf06be7a9a88d2b.js","component---src-pages-index-js-4675ecf06be7a9a88d2b.js.map"],"children":{},"childAssets":{}},"component---src-pages-modal-js":{"chunks":[2],"assets":["component---src-pages-modal-js-932ff4eac63cf6ca342f.js","component---src-pages-modal-js-932ff4eac63cf6ca342f.js.map"],"children":{},"childAssets":{}}},"assetsByChunkName":{"app":["webpack-runtime-8efdd9fb4769443b2025.js","app-336f2f56c1b2d2bdd10e.js"],"component---src-pages-index-js":["styles.09655e31fecaeebcaef7.css","styles-80dd51c5b26671e0cdc0.js","5-cf9a7dbed6e0eb7a9a28.js","component---src-pages-index-js-4675ecf06be7a9a88d2b.js"],"component---src-pages-modal-js":["component---src-pages-modal-js-932ff4eac63cf6ca342f.js"]}}